{
  "arquetipo": "cli-modular",
  "arquivosRaiz": [
    ".gitignore",
    ".lintstagedrc.mjs",
    ".nvmrc",
    "CHANGELOG.md",
    "CODE_OF_CONDUCT.md",
    "CONTRIBUTING.md",
    "LICENSE",
    "README.md",
    "SECURITY.md",
    "THIRD-PARTY-NOTICES.txt",
    "eslint.config.js",
    "oraculo-0.3.7.tgz",
    "oraculo.config.json",
    "package-lock.json",
    "package.json",
    "tsconfig.eslint.json",
    "tsconfig.json",
    "vitest.config.ts"
  ],
  "confidence": 70,
  "timestamp": "2026-01-26T05:21:44.765Z",
  "version": 1
}
